"","cage","site","depth","station","week","survivors","av_length","SD","biom","min.do","max.do","mean.do","sd.do","min.temp","max.temp","mean.temp","sd.T","do.dur","temp.dur","mean.sal","sd.sal","ssat"
"1","CPD1","CP","deep","CPD",0,10,39.3,4.196427052,1089.61662697751,NA,NA,NA,NA,NA,NA,NA,NA,NA,NA,NA,NA,NA
"2","CPD1","CP","deep","CPD",1,10,40.1,5.37494186,1207.43231422661,NA,NA,NA,NA,NA,NA,NA,NA,NA,NA,NA,NA,NA
"3","CPD1","CP","deep","CPD",2,10,46.2,7.93473377,2074.63872846755,1.43,12.41,7.81672473867596,2.20377159891619,12.31,22.18,17.0450987224158,2.4604056000966,165,0,31.5773817842044,0.819015850958255,3570
"4","CPD1","CP","deep","CPD",3,10,49.7,8.462269199,2705.15851759723,0.2,10.96,7.30201822916667,2.27378609869394,17.66,22.81,20.0035026041667,1.50394807585113,630,0,29.6940515294271,0.611320793961351,2745
"5","CPD1","CP","deep","CPD",4,9,54.33333333,7.51295178,3225.01494444346,0.01,9.24,3.72296160877514,2.91171852450107,16.04,19.97,18.0664533820841,0.783115221245167,2955,0,29.9599357159049,0.244252774440211,120
"6","CPD1","CP","deep","CPD",5,9,59.22222222,9.077172562,4437.5488277264,4.14,10.92,7.82093858632677,1.17034378302699,17.63,24.66,20.7178910776362,1.74419672899059,0,0,29.6382754884125,0.353120938459632,3345
"7","CPD1","CP","deep","CPD",6,8,56.75,7.885905148,3351.04912387403,2.86,10.09,6.7185625,1.36271351250774,20.08,24.64,21.8054583333333,0.923347024071404,0,0,29.0979687866667,0.28866876992516,570
"8","CPD1","CP","deep","CPD",7,7,58,9.258200998,3291.01675983973,1.9,10.94,7.999375,1.70556153698825,17.34,24.77,20.6348307291667,1.500422790479,15,0,28.2023391098958,0.781029604024161,4035
"9","CPD1","CP","deep","CPD",8,7,63.57142857,9.271417565,4454.29705756225,5.22,11.87,8.38256944444444,1.04800547395038,20.33,25.69,23.0289756944444,1.49919520187374,0,0,29.0792065630208,0.58124827513897,4230
"10","CPD1","CP","deep","CPD",9,6,68.33333333,8.768630959,4830.48103869932,6.621394,9.79875,8.21891197321429,0.652404388784421,18.66,25.36,23.6115327380952,1.11340572654012,0,0,28.7331094133929,0.421275005715186,5160
"11","CPD1","CP","deep","CPD",10,6,71,7.371114796,5388.95208012814,3.94,12.8,7.83981481481482,1.49100748691531,20.93,27.49,23.7668865740741,1.71183980258529,0,540,28.1073161392361,0.50543715597953,4755
"12","CPD1","CP","deep","CPD",11,4,68.25,6.339361167,3083.21102296729,5.64,13.19,7.96638888888889,1.47023718066244,23.27,27.86,25.456875,1.22579788066829,0,585,27.4286931371528,0.328025189173331,1350
"13","CPD2","CP","deep","CPD",0,10,36.1,3.505709629,796.804377961828,NA,NA,NA,NA,NA,NA,NA,NA,NA,NA,NA,NA,NA
"14","CPD2","CP","deep","CPD",1,8,35.375,6.650892797,661.813542750478,NA,NA,NA,NA,NA,NA,NA,NA,NA,NA,NA,NA,NA
"15","CPD2","CP","deep","CPD",2,6,44.83333333,4.058598554,1031.49835882944,1.43,12.41,7.81672473867596,2.20377159891619,12.31,22.18,17.0450987224158,2.4604056000966,165,0,31.5773817842044,0.819015850958255,3570
"16","CPD2","CP","deep","CPD",3,5,53.6,2.154065923,1577.95333684696,0.2,10.96,7.30201822916667,2.27378609869394,17.66,22.81,20.0035026041667,1.50394807585113,630,0,29.6940515294271,0.611320793961351,2745
"17","CPD2","CP","deep","CPD",4,4,54.25,3.897114317,1338.28777177365,0.01,9.24,3.72296160877514,2.91171852450107,16.04,19.97,18.0664533820841,0.783115221245167,2955,0,29.9599357159049,0.244252774440211,120
"18","CPD2","CP","deep","CPD",5,4,53.5,5.722761571,1309.24141798735,4.14,10.92,7.82093858632677,1.17034378302699,17.63,24.66,20.7178910776362,1.74419672899059,0,0,29.6382754884125,0.353120938459632,3345
"19","CPD2","CP","deep","CPD",6,3,62.33333333,4.921607687,1656.91916754412,2.86,10.09,6.7185625,1.36271351250774,20.08,24.64,21.8054583333333,0.923347024071404,0,0,29.0979687866667,0.28866876992516,570
"20","CPD2","CP","deep","CPD",7,3,70.33333333,6.236095645,2567.85528586582,1.9,10.94,7.999375,1.70556153698825,17.34,24.77,20.6348307291667,1.500422790479,15,0,28.2023391098958,0.781029604024161,4035
"21","CPD2","CP","deep","CPD",8,3,71.33333333,3.858612301,2642.57666339656,5.22,11.87,8.38256944444444,1.04800547395038,20.33,25.69,23.0289756944444,1.49919520187374,0,0,29.0792065630208,0.58124827513897,4230
"22","CPD2","CP","deep","CPD",9,2,84.5,0.5,3184.41619262945,6.621394,9.79875,8.21891197321429,0.652404388784421,18.66,25.36,23.6115327380952,1.11340572654012,0,0,28.7331094133929,0.421275005715186,5160
"23","CPD2","CP","deep","CPD",10,2,85.5,4.5,3362.77881460894,3.94,12.8,7.83981481481482,1.49100748691531,20.93,27.49,23.7668865740741,1.71183980258529,0,540,28.1073161392361,0.50543715597953,4755
"24","CPD2","CP","deep","CPD",11,0,0,0,0,5.64,13.19,7.96638888888889,1.47023718066244,23.27,27.86,25.456875,1.22579788066829,0,585,27.4286931371528,0.328025189173331,1350
"25","CPD3","CP","deep","CPD",0,10,35.8,4.044749683,783.930521837112,NA,NA,NA,NA,NA,NA,NA,NA,NA,NA,NA,NA,NA
"26","CPD3","CP","deep","CPD",1,9,36.44444444,3.095197395,735.175965852442,NA,NA,NA,NA,NA,NA,NA,NA,NA,NA,NA,NA,NA
"27","CPD3","CP","deep","CPD",2,9,43.66666667,7.760297818,1555.11144828102,1.43,12.41,7.81672473867596,2.20377159891619,12.31,22.18,17.0450987224158,2.4604056000966,165,0,31.5773817842044,0.819015850958255,3570
"28","CPD3","CP","deep","CPD",3,9,53.44444444,6.767752148,2994.15604116807,0.2,10.96,7.30201822916667,2.27378609869394,17.66,22.81,20.0035026041667,1.50394807585113,630,0,29.6940515294271,0.611320793961351,2745
"29","CPD3","CP","deep","CPD",4,8,60.5,5.634713835,4012.36689878479,0.01,9.24,3.72296160877514,2.91171852450107,16.04,19.97,18.0664533820841,0.783115221245167,2955,0,29.9599357159049,0.244252774440211,120
"30","CPD3","CP","deep","CPD",5,8,59,5.634713835,3684.74756306648,4.14,10.92,7.82093858632677,1.17034378302699,17.63,24.66,20.7178910776362,1.74419672899059,0,0,29.6382754884125,0.353120938459632,3345
"31","CPD3","CP","deep","CPD",6,8,64,7.549834435,5025.94582819922,2.86,10.09,6.7185625,1.36271351250774,20.08,24.64,21.8054583333333,0.923347024071404,0,0,29.0979687866667,0.28866876992516,570
"32","CPD3","CP","deep","CPD",7,8,69.125,8.908387901,6687.00066125646,1.9,10.94,7.999375,1.70556153698825,17.34,24.77,20.6348307291667,1.500422790479,15,0,28.2023391098958,0.781029604024161,4035
"33","CPD3","CP","deep","CPD",8,8,70.125,7.235977819,6873.99480928072,5.22,11.87,8.38256944444444,1.04800547395038,20.33,25.69,23.0289756944444,1.49919520187374,0,0,29.0792065630208,0.58124827513897,4230
"34","CPD3","CP","deep","CPD",9,7,74,10.59649538,7596.46711152091,6.621394,9.79875,8.21891197321429,0.652404388784421,18.66,25.36,23.6115327380952,1.11340572654012,0,0,28.7331094133929,0.421275005715186,5160
"35","CPD3","CP","deep","CPD",10,6,74.66666667,10.84230398,6751.61636623136,3.94,12.8,7.83981481481482,1.49100748691531,20.93,27.49,23.7668865740741,1.71183980258529,0,540,28.1073161392361,0.50543715597953,4755
"36","CPD3","CP","deep","CPD",11,5,73,12.11610498,5395.54413421687,5.64,13.19,7.96638888888889,1.47023718066244,23.27,27.86,25.456875,1.22579788066829,0,585,27.4286931371528,0.328025189173331,1350
"37","CPD4","CP","deep","CPD",0,10,36.6,3.352610923,834.32310212306,NA,NA,NA,NA,NA,NA,NA,NA,NA,NA,NA,NA,NA
"38","CPD4","CP","deep","CPD",1,8,35.75,4.60298816,636.30339554891,NA,NA,NA,NA,NA,NA,NA,NA,NA,NA,NA,NA,NA
"39","CPD4","CP","deep","CPD",2,8,42.875,7.865073108,1299.16305636207,1.43,12.41,7.81672473867596,2.20377159891619,12.31,22.18,17.0450987224158,2.4604056000966,165,0,31.5773817842044,0.819015850958255,3570
"40","CPD4","CP","deep","CPD",3,8,48.75,8.8705975,2041.51417007202,0.2,10.96,7.30201822916667,2.27378609869394,17.66,22.81,20.0035026041667,1.50394807585113,630,0,29.6940515294271,0.611320793961351,2745
"41","CPD4","CP","deep","CPD",4,7,55,6.845227743,2561.38134017546,0.01,9.24,3.72296160877514,2.91171852450107,16.04,19.97,18.0664533820841,0.783115221245167,2955,0,29.9599357159049,0.244252774440211,120
"42","CPD4","CP","deep","CPD",5,7,56.14285714,6.727949622,2748.1609204472,4.14,10.92,7.82093858632677,1.17034378302699,17.63,24.66,20.7178910776362,1.74419672899059,0,0,29.6382754884125,0.353120938459632,3345
"43","CPD4","CP","deep","CPD",6,7,61.14285714,7.917946549,3752.43584341095,2.86,10.09,6.7185625,1.36271351250774,20.08,24.64,21.8054583333333,0.923347024071404,0,0,29.0979687866667,0.28866876992516,570
"44","CPD4","CP","deep","CPD",7,7,67.85714286,9.745747372,5524.13850491104,1.9,10.94,7.999375,1.70556153698825,17.34,24.77,20.6348307291667,1.500422790479,15,0,28.2023391098958,0.781029604024161,4035
"45","CPD4","CP","deep","CPD",8,7,67.85714286,9.745747372,5524.66177030528,5.22,11.87,8.38256944444444,1.04800547395038,20.33,25.69,23.0289756944444,1.49919520187374,0,0,29.0792065630208,0.58124827513897,4230
"46","CPD4","CP","deep","CPD",9,6,72.5,5.123475383,5651.70073117381,6.621394,9.79875,8.21891197321429,0.652404388784421,18.66,25.36,23.6115327380952,1.11340572654012,0,0,28.7331094133929,0.421275005715186,5160
"47","CPD4","CP","deep","CPD",10,5,78.2,5.979966555,6193.17100651007,3.94,12.8,7.83981481481482,1.49100748691531,20.93,27.49,23.7668865740741,1.71183980258529,0,540,28.1073161392361,0.50543715597953,4755
"48","CPD4","CP","deep","CPD",11,5,83.6,7.172168431,7914.11392979399,5.64,13.19,7.96638888888889,1.47023718066244,23.27,27.86,25.456875,1.22579788066829,0,585,27.4286931371528,0.328025189173331,1350
"49","CPS1","CP","shallow","CPS",0,10,38.6,6.019966777,1088.30647457759,NA,NA,NA,NA,NA,NA,NA,NA,NA,NA,NA,NA,NA
"50","CPS1","CP","shallow","CPS",1,9,50.77777778,7.329965557,2535.00419316374,NA,NA,NA,NA,NA,NA,NA,NA,NA,NA,NA,NA,NA
"51","CPS1","CP","shallow","CPS",2,7,48,5.682051943,1574.8384853302,6.4,15.27,10.1222175823666,1.66709270135799,14.35,23.73,19.3413573085847,2.10579012401481,0,0,30.1354551211289,0.653786151715075,9555
"52","CPS1","CP","shallow","CPS",3,6,52.16666667,5.785518319,1805.060424463,3.71,14.78,9.613259452412,1.81698766985021,18.76,24.23,21.8484745762712,1.21193709996619,0,0,29.0177969595828,0.551631556959156,8025
"53","CPS1","CP","shallow","CPS",4,6,55.66666667,5.587684871,2250.68164789245,1.35,12.77,7.34057391304348,2.37949886044193,17.33,23.38,19.8488869565217,1.33743636903065,45,0,30.178871,0.38482075742428,2475
"54","CPS1","CP","shallow","CPS",5,6,53.33333333,4.714045208,1916.43338645723,4.2,15.94,8.8323215474537,1.7638224503502,18.3,26.17,21.9742013888889,1.6986505614644,0,0,28.9759131724238,0.44408542671616,6690
"55","CPS1","CP","shallow","CPS",6,6,56.16666667,2.544056254,2242.1312103224,2.54,15.31,8.2745,2.74156564994232,21.14,27.51,23.5963541666667,1.21426517534588,0,120,28.9760567923343,0.440331185540349,3585
"56","CPS1","CP","shallow","CPS",7,6,58.66666667,6.073622386,2726.82806681406,4.86,14.9,9.20759114583333,1.75291362726211,19.32,26.01,22.409453125,1.41487873640768,0,0,29.4447226708333,0.437488838086744,6855
"57","CPS1","CP","shallow","CPS",8,6,59.66666667,6.798692685,2922.64540500315,6.46,12.5,8.74286458333333,1.21238333257625,21.99,26.45,24.55578125,0.910117668873455,0,0,28.7027776113308,0.387111139535653,5550
"58","CPS1","CP","shallow","CPS",9,6,60.83333333,6.30916441,3102.8926029285,4.94,15.96,9.21365287202381,2.35151582504544,22.9,27.29,24.8964285714286,0.848144664511625,0,165,28.1733777257127,0.308487250532671,5910
"59","CPS1","CP","shallow","CPS",10,6,63.33333333,3.681787006,3464.84174425614,5.85906,10.803354,8.14265951041667,0.842716794291648,22.014996,28.03,25.8127556574074,1.32226521571594,0,1920,28.6357276818831,0.307744325831539,6990
"60","CPS1","CP","shallow","CPS",11,3,60.33333333,3.299831646,1453.55185520012,6.521001,10.168431,8.25997204166667,0.918048860522238,22.083048,25.111362,23.6896738055556,0.968851648528134,0,0,28.402342534244,0.124381934493893,1755
"61","CPS2","CP","shallow","CPS",0,10,40.3,4.473253849,1192.43733715934,NA,NA,NA,NA,NA,NA,NA,NA,NA,NA,NA,NA,NA
"62","CPS2","CP","shallow","CPS",1,10,38.4,3.583294573,990.706519860419,NA,NA,NA,NA,NA,NA,NA,NA,NA,NA,NA,NA,NA
"63","CPS2","CP","shallow","CPS",2,8,44.625,2.642796814,1323.29549071118,6.4,15.27,10.1222175823666,1.66709270135799,14.35,23.73,19.3413573085847,2.10579012401481,0,0,30.1354551211289,0.653786151715075,9555
"64","CPS2","CP","shallow","CPS",3,7,49.28571429,3.238795443,1657.92891597256,3.71,14.78,9.613259452412,1.81698766985021,18.76,24.23,21.8484745762712,1.21193709996619,0,0,29.0177969595828,0.551631556959156,8025
"65","CPS2","CP","shallow","CPS",4,7,50.85714286,4.389226142,1878.765295744,1.35,12.77,7.34057391304348,2.37949886044193,17.33,23.38,19.8488869565217,1.33743636903065,45,0,30.178871,0.38482075742428,2475
"66","CPS2","CP","shallow","CPS",5,7,51.28571429,3.843892585,1922.82812960756,4.2,15.94,8.8323215474537,1.7638224503502,18.3,26.17,21.9742013888889,1.6986505614644,0,0,28.9759131724238,0.44408542671616,6690
"67","CPS2","CP","shallow","CPS",6,7,55.71428571,2.913725436,2549.68741849817,2.54,15.31,8.2745,2.74156564994232,21.14,27.51,23.5963541666667,1.21426517534588,0,120,28.9760567923343,0.440331185540349,3585
"68","CPS2","CP","shallow","CPS",7,7,55.85714286,5.667666979,2658.65110627167,4.86,14.9,9.20759114583333,1.75291362726211,19.32,26.01,22.409453125,1.41487873640768,0,0,29.4447226708333,0.437488838086744,6855
"69","CPS2","CP","shallow","CPS",8,7,55.85714286,2.899683304,2572.33229841077,6.46,12.5,8.74286458333333,1.21238333257625,21.99,26.45,24.55578125,0.910117668873455,0,0,28.7027776113308,0.387111139535653,5550
"70","CPS2","CP","shallow","CPS",9,4,60.75,1.299038106,1963.70298834764,4.94,15.96,9.21365287202381,2.35151582504544,22.9,27.29,24.8964285714286,0.848144664511625,0,165,28.1733777257127,0.308487250532671,5910
"71","CPS2","CP","shallow","CPS",10,4,64.25,2.046338193,2404.60647636514,5.85906,10.803354,8.14265951041667,0.842716794291648,22.014996,28.03,25.8127556574074,1.32226521571594,0,1920,28.6357276818831,0.307744325831539,6990
"72","CPS2","CP","shallow","CPS",11,3,63.66666667,2.054804668,1745.93310610953,6.521001,10.168431,8.25997204166667,0.918048860522238,22.083048,25.111362,23.6896738055556,0.968851648528134,0,0,28.402342534244,0.124381934493893,1755
"73","CPS3","CP","shallow","CPS",0,10,37.8,2.521904043,918.723033738257,NA,NA,NA,NA,NA,NA,NA,NA,NA,NA,NA,NA,NA
"74","CPS3","CP","shallow","CPS",1,8,36.25,3.112474899,640.512567498414,NA,NA,NA,NA,NA,NA,NA,NA,NA,NA,NA,NA,NA
"75","CPS3","CP","shallow","CPS",2,8,43.125,4.226035376,1201.45350301862,6.4,15.27,10.1222175823666,1.66709270135799,14.35,23.73,19.3413573085847,2.10579012401481,0,0,30.1354551211289,0.653786151715075,9555
"76","CPS3","CP","shallow","CPS",3,8,47,4.974937186,1645.72361890507,3.71,14.78,9.613259452412,1.81698766985021,18.76,24.23,21.8484745762712,1.21193709996619,0,0,29.0177969595828,0.551631556959156,8025
"77","CPS3","CP","shallow","CPS",4,8,47.25,4.630064794,1663.85732128727,1.35,12.77,7.34057391304348,2.37949886044193,17.33,23.38,19.8488869565217,1.33743636903065,45,0,30.178871,0.38482075742428,2475
"78","CPS3","CP","shallow","CPS",5,8,50.25,6.05702072,2114.55026557974,4.2,15.94,8.8323215474537,1.7638224503502,18.3,26.17,21.9742013888889,1.6986505614644,0,0,28.9759131724238,0.44408542671616,6690
"79","CPS3","CP","shallow","CPS",6,8,50.75,4.175823272,2123.90542779691,2.54,15.31,8.2745,2.74156564994232,21.14,27.51,23.5963541666667,1.21426517534588,0,120,28.9760567923343,0.440331185540349,3585
"80","CPS3","CP","shallow","CPS",7,7,54.42857143,3.811904018,2366.07375218181,4.86,14.9,9.20759114583333,1.75291362726211,19.32,26.01,22.409453125,1.41487873640768,0,0,29.4447226708333,0.437488838086744,6855
"81","CPS3","CP","shallow","CPS",8,7,53.57142857,4.80645824,2266.92313424332,6.46,12.5,8.74286458333333,1.21238333257625,21.99,26.45,24.55578125,0.910117668873455,0,0,28.7027776113308,0.387111139535653,5550
"82","CPS3","CP","shallow","CPS",9,7,53,3.251373336,2143.17390680825,4.94,15.96,9.21365287202381,2.35151582504544,22.9,27.29,24.8964285714286,0.848144664511625,0,165,28.1733777257127,0.308487250532671,5910
"83","CPS3","CP","shallow","CPS",10,6,54.83333333,3.975620147,2086.92778267442,5.85906,10.803354,8.14265951041667,0.842716794291648,22.014996,28.03,25.8127556574074,1.32226521571594,0,1920,28.6357276818831,0.307744325831539,6990
"84","CPS3","CP","shallow","CPS",11,1,58,0,415.198740151566,6.521001,10.168431,8.25997204166667,0.918048860522238,22.083048,25.111362,23.6896738055556,0.968851648528134,0,0,28.402342534244,0.124381934493893,1755
"85","CPS4","CP","shallow","CPS",0,10,41.5,5.481788029,1362.637496654,NA,NA,NA,NA,NA,NA,NA,NA,NA,NA,NA,NA,NA
"86","CPS4","CP","shallow","CPS",1,10,40.8,6.9828361,1347.04205748117,NA,NA,NA,NA,NA,NA,NA,NA,NA,NA,NA,NA,NA
"87","CPS4","CP","shallow","CPS",2,10,47.2,3.709447398,2045.63208584753,6.4,15.27,10.1222175823666,1.66709270135799,14.35,23.73,19.3413573085847,2.10579012401481,0,0,30.1354551211289,0.653786151715075,9555
"88","CPS4","CP","shallow","CPS",3,10,50,3.54964787,2499.6330697289,3.71,14.78,9.613259452412,1.81698766985021,18.76,24.23,21.8484745762712,1.21193709996619,0,0,29.0177969595828,0.551631556959156,8025
"89","CPS4","CP","shallow","CPS",4,10,51.9,5.647123161,2947.24285486221,1.35,12.77,7.34057391304348,2.37949886044193,17.33,23.38,19.8488869565217,1.33743636903065,45,0,30.178871,0.38482075742428,2475
"90","CPS4","CP","shallow","CPS",5,10,54,3.633180425,3283.68045168251,4.2,15.94,8.8323215474537,1.7638224503502,18.3,26.17,21.9742013888889,1.6986505614644,0,0,28.9759131724238,0.44408542671616,6690
"91","CPS4","CP","shallow","CPS",6,10,55.7,3.46554469,3657.788943344,2.54,15.31,8.2745,2.74156564994232,21.14,27.51,23.5963541666667,1.21426517534588,0,120,28.9760567923343,0.440331185540349,3585
"92","CPS4","CP","shallow","CPS",7,10,56,3.768288736,3738.9481078065,4.86,14.9,9.20759114583333,1.75291362726211,19.32,26.01,22.409453125,1.41487873640768,0,0,29.4447226708333,0.437488838086744,6855
"93","CPS4","CP","shallow","CPS",8,10,54.9,3.590264614,3478.53321918224,6.46,12.5,8.74286458333333,1.21238333257625,21.99,26.45,24.55578125,0.910117668873455,0,0,28.7027776113308,0.387111139535653,5550
"94","CPS4","CP","shallow","CPS",9,10,58.6,4.127953488,4410.36417408266,4.94,15.96,9.21365287202381,2.35151582504544,22.9,27.29,24.8964285714286,0.848144664511625,0,165,28.1733777257127,0.308487250532671,5910
"95","CPS4","CP","shallow","CPS",10,7,57.28571429,2.249716535,2800.24212691437,5.85906,10.803354,8.14265951041667,0.842716794291648,22.014996,28.03,25.8127556574074,1.32226521571594,0,1920,28.6357276818831,0.307744325831539,6990
"96","CPS4","CP","shallow","CPS",11,3,57,4.320493799,1202.21339752821,6.521001,10.168431,8.25997204166667,0.918048860522238,22.083048,25.111362,23.6896738055556,0.968851648528134,0,0,28.402342534244,0.124381934493893,1755
"97","MDD1","MD","deep","MDD",0,10,37.8,3.544009029,936.062728085496,NA,NA,NA,NA,NA,NA,NA,NA,NA,NA,NA,NA,NA
"98","MDD1","MD","deep","MDD",1,7,36.42857143,5.038626311,599.381922533196,NA,NA,NA,NA,NA,NA,NA,NA,NA,NA,NA,NA,NA
"99","MDD1","MD","deep","MDD",2,7,40.71428571,3.880879345,855.370077981268,5.91,14.66,8.44556329849013,1.53638902073125,14.56,22.88,20.0989082462253,2.01031114499995,0,0,27.0914486777123,1.15957902210372,3405
"100","MDD1","MD","deep","MDD",3,7,43.71428571,3.692242281,1094.41514283155,4.46,11.1,7.76251958224543,1.22091096237498,19.72,24.44,22.9081984334204,0.86483786219902,0,0,24.4276848010104,0.865006659798344,3330
"101","MDD1","MD","deep","MDD",4,5,43.2,4.53431362,762.962991497404,3.78,12.14,7.64148083623693,1.41220820321605,18.295,25.135,22.2431707317073,1.86685682741896,0,0,24.7830167271414,0.347006687480431,2115
"102","MDD1","MD","deep","MDD",5,3,47,5.354126135,623.404296944423,1.11,10.1958,7.69186754577057,0.935253431596405,20.16,25.16,23.0543221320973,1.07661529667686,75,0,24.3460232020042,0.499955687089916,840
"103","MDD1","MD","deep","MDD",6,3,53.66666667,7.586537784,1026.43690675538,6.283272,11.18715,7.60590619037657,0.889045730779834,21.845,27.21,25.3505334728033,1.18739010433956,0,180,23.5798253870313,0.408884156326316,1320
"104","MDD1","MD","deep","MDD",7,3,55.33333333,6.944222219,1129.50399107328,6.671,9.852132,7.82510740992167,0.607496137125194,20.495,27.6,24.6955744125326,1.98678078934568,0,720,22.3185511405567,1.07986543867252,1740
"105","MDD1","MD","deep","MDD",8,2,55.5,2.5,716.102083272339,6.444091,8.666918,7.59397983712785,0.489105407455887,22.92,27.73,26.0338210192644,1.02221775033485,0,810,23.5972808044723,0.679526090287223,1050
"106","MDD1","MD","deep","MDD",9,2,59.5,0.5,909.976751062849,6.28,9.653862,7.92237453125,0.641482460671102,22.326396,26.261222,24.735277389881,0.734137181465803,0,0,23.0644709696699,0.596449578591675,2100
"107","MDD1","MD","deep","MDD",10,1,72,0,898.730026299796,6.27446,8.693354,7.39157988194444,0.412350072127315,21.04,27.4597,25.3417003425926,1.42202391101383,0,1140,22.1784603362533,0.715608034178939,135
"108","MDD1","MD","deep","MDD",11,0,0,0,0,6.598301,8.382731,7.44905676388889,0.449136495609702,23.153664,25.985466,24.6560333611111,0.905981359926767,0,0,21.2176523174436,0.464424623335385,0
"109","MDD2","MD","deep","MDD",0,10,39.5,4.695742753,1124.62993909702,NA,NA,NA,NA,NA,NA,NA,NA,NA,NA,NA,NA,NA
"110","MDD2","MD","deep","MDD",1,6,36,4.358898944,485.475331231139,NA,NA,NA,NA,NA,NA,NA,NA,NA,NA,NA,NA,NA
"111","MDD2","MD","deep","MDD",2,4,38.5,2.958039892,394.951579002028,5.91,14.66,8.44556329849013,1.53638902073125,14.56,22.88,20.0989082462253,2.01031114499995,0,0,27.0914486777123,1.15957902210372,3405
"112","MDD2","MD","deep","MDD",3,4,41.5,7.5,579.857888654898,4.46,11.1,7.76251958224543,1.22091096237498,19.72,24.44,22.9081984334204,0.86483786219902,0,0,24.4276848010104,0.865006659798344,3330
"113","MDD2","MD","deep","MDD",4,4,44.5,7.632168761,733.184638745912,3.78,12.14,7.64148083623693,1.41220820321605,18.295,25.135,22.2431707317073,1.86685682741896,0,0,24.7830167271414,0.347006687480431,2115
"114","MDD2","MD","deep","MDD",5,3,47.33333333,5.436502143,640.862080769475,1.11,10.1958,7.69186754577057,0.935253431596405,20.16,25.16,23.0543221320973,1.07661529667686,75,0,24.3460232020042,0.499955687089916,840
"115","MDD2","MD","deep","MDD",6,1,48,0,211.218472629007,6.283272,11.18715,7.60590619037657,0.889045730779834,21.845,27.21,25.3505334728033,1.18739010433956,0,180,23.5798253870313,0.408884156326316,1320
"116","MDD2","MD","deep","MDD",7,1,41,0,120.293248365598,6.671,9.852132,7.82510740992167,0.607496137125194,20.495,27.6,24.6955744125326,1.98678078934568,0,720,22.3185511405567,1.07986543867252,1740
"117","MDD2","MD","deep","MDD",8,0,0,0,0,6.444091,8.666918,7.59397983712785,0.489105407455887,22.92,27.73,26.0338210192644,1.02221775033485,0,810,23.5972808044723,0.679526090287223,1050
"118","MDD2","MD","deep","MDD",9,0,0,0,0,6.28,9.653862,7.92237453125,0.641482460671102,22.326396,26.261222,24.735277389881,0.734137181465803,0,0,23.0644709696699,0.596449578591675,2100
"119","MDD2","MD","deep","MDD",10,0,0,0,0,6.27446,8.693354,7.39157988194444,0.412350072127315,21.04,27.4597,25.3417003425926,1.42202391101383,0,1140,22.1784603362533,0.715608034178939,135
"120","MDD2","MD","deep","MDD",11,0,0,0,0,6.598301,8.382731,7.44905676388889,0.449136495609702,23.153664,25.985466,24.6560333611111,0.905981359926767,0,0,21.2176523174436,0.464424623335385,0
"121","MDD3","MD","deep","MDD",0,10,38.9,3.238826948,1029.30070700521,NA,NA,NA,NA,NA,NA,NA,NA,NA,NA,NA,NA,NA
"122","MDD3","MD","deep","MDD",1,6,34.16666667,3.89087251,398.186613285268,NA,NA,NA,NA,NA,NA,NA,NA,NA,NA,NA,NA,NA
"123","MDD3","MD","deep","MDD",2,0,0,0,0,5.91,14.66,8.44556329849013,1.53638902073125,14.56,22.88,20.0989082462253,2.01031114499995,0,0,27.0914486777123,1.15957902210372,3405
"124","MDD3","MD","deep","MDD",3,0,0,0,0,4.46,11.1,7.76251958224543,1.22091096237498,19.72,24.44,22.9081984334204,0.86483786219902,0,0,24.4276848010104,0.865006659798344,3330
"125","MDD3","MD","deep","MDD",4,0,0,0,0,3.78,12.14,7.64148083623693,1.41220820321605,18.295,25.135,22.2431707317073,1.86685682741896,0,0,24.7830167271414,0.347006687480431,2115
"126","MDD3","MD","deep","MDD",5,0,0,0,0,1.11,10.1958,7.69186754577057,0.935253431596405,20.16,25.16,23.0543221320973,1.07661529667686,75,0,24.3460232020042,0.499955687089916,840
"127","MDD3","MD","deep","MDD",6,0,0,0,0,6.283272,11.18715,7.60590619037657,0.889045730779834,21.845,27.21,25.3505334728033,1.18739010433956,0,180,23.5798253870313,0.408884156326316,1320
"128","MDD3","MD","deep","MDD",7,0,0,0,0,6.671,9.852132,7.82510740992167,0.607496137125194,20.495,27.6,24.6955744125326,1.98678078934568,0,720,22.3185511405567,1.07986543867252,1740
"129","MDD3","MD","deep","MDD",8,0,0,0,0,6.444091,8.666918,7.59397983712785,0.489105407455887,22.92,27.73,26.0338210192644,1.02221775033485,0,810,23.5972808044723,0.679526090287223,1050
"130","MDD3","MD","deep","MDD",9,0,0,0,0,6.28,9.653862,7.92237453125,0.641482460671102,22.326396,26.261222,24.735277389881,0.734137181465803,0,0,23.0644709696699,0.596449578591675,2100
"131","MDD3","MD","deep","MDD",10,0,0,0,0,6.27446,8.693354,7.39157988194444,0.412350072127315,21.04,27.4597,25.3417003425926,1.42202391101383,0,1140,22.1784603362533,0.715608034178939,135
"132","MDD3","MD","deep","MDD",11,0,0,0,0,6.598301,8.382731,7.44905676388889,0.449136495609702,23.153664,25.985466,24.6560333611111,0.905981359926767,0,0,21.2176523174436,0.464424623335385,0
"133","MDD4","MD","deep","MDD",0,10,39.4,3.498571137,1081.45741363575,NA,NA,NA,NA,NA,NA,NA,NA,NA,NA,NA,NA,NA
"134","MDD4","MD","deep","MDD",1,10,38.7,3.1,1008.09056054076,NA,NA,NA,NA,NA,NA,NA,NA,NA,NA,NA,NA,NA
"135","MDD4","MD","deep","MDD",2,6,42.33333333,3.496029494,834.613610725714,5.91,14.66,8.44556329849013,1.53638902073125,14.56,22.88,20.0989082462253,2.01031114499995,0,0,27.0914486777123,1.15957902210372,3405
"136","MDD4","MD","deep","MDD",3,6,44.33333333,3.944053189,988.732164747213,4.46,11.1,7.76251958224543,1.22091096237498,19.72,24.44,22.9081984334204,0.86483786219902,0,0,24.4276848010104,0.865006659798344,3330
"137","MDD4","MD","deep","MDD",4,6,46.33333333,4.60675832,1167.77204316512,3.78,12.14,7.64148083623693,1.41220820321605,18.295,25.135,22.2431707317073,1.86685682741896,0,0,24.7830167271414,0.347006687480431,2115
"138","MDD4","MD","deep","MDD",5,4,48.75,2.586020108,904.440097294657,1.11,10.1958,7.69186754577057,0.935253431596405,20.16,25.16,23.0543221320973,1.07661529667686,75,0,24.3460232020042,0.499955687089916,840
"139","MDD4","MD","deep","MDD",6,3,54.66666667,3.091206165,1023.35425468128,6.283272,11.18715,7.60590619037657,0.889045730779834,21.845,27.21,25.3505334728033,1.18739010433956,0,180,23.5798253870313,0.408884156326316,1320
"140","MDD4","MD","deep","MDD",7,2,54,5,668.696734789585,6.671,9.852132,7.82510740992167,0.607496137125194,20.495,27.6,24.6955744125326,1.98678078934568,0,720,22.3185511405567,1.07986543867252,1740
"141","MDD4","MD","deep","MDD",8,2,52,6,596.633182664718,6.444091,8.666918,7.59397983712785,0.489105407455887,22.92,27.73,26.0338210192644,1.02221775033485,0,810,23.5972808044723,0.679526090287223,1050
"142","MDD4","MD","deep","MDD",9,2,55,1,687.968725411867,6.28,9.653862,7.92237453125,0.641482460671102,22.326396,26.261222,24.735277389881,0.734137181465803,0,0,23.0644709696699,0.596449578591675,2100
"143","MDD4","MD","deep","MDD",10,1,56,0,366.292119346194,6.27446,8.693354,7.39157988194444,0.412350072127315,21.04,27.4597,25.3417003425926,1.42202391101383,0,1140,22.1784603362533,0.715608034178939,135
"144","MDD4","MD","deep","MDD",11,0,0,0,0,6.598301,8.382731,7.44905676388889,0.449136495609702,23.153664,25.985466,24.6560333611111,0.905981359926767,0,0,21.2176523174436,0.464424623335385,0
"145","MDS1","MD","shallow","MDS",0,10,37.5,2.729468813,895.998372288318,NA,NA,NA,NA,NA,NA,NA,NA,NA,NA,NA,NA,NA
"146","MDS1","MD","shallow","MDS",1,6,35.33333333,2.687419249,435.450818919481,NA,NA,NA,NA,NA,NA,NA,NA,NA,NA,NA,NA,NA
"147","MDS1","MD","shallow","MDS",2,5,36.8,2.039607805,414.682735847185,4.06,20.29,8.57373036658933,2.11242778429586,15.43,22.99,20.3986310904872,1.62421112261691,0,0,29.929722025089,0.812290877790666,5430
"148","MDS1","MD","shallow","MDS",3,5,44,4.242640687,806.575952217994,5.270132,11.40869,8.05802484895833,1.17997499349626,21.37,24.85,23.0329166666667,0.580254930562032,0,0,28.9872599820619,0.674064067925044,3930
"149","MDS1","MD","shallow","MDS",4,5,51.8,5.455272679,1453.63782131402,5.18,16.68,8.25638260869565,2.09043052591306,19.43,26.55,23.0882260869565,1.32860094514633,0,0,28.3956387197198,0.884440612146634,3270
"150","MDS1","MD","shallow","MDS",5,5,48.6,8.014985964,1245.88472072752,3.97,13.6,8.07521990740741,1.675158129966,20.86,26.23,24.0767939814815,0.901480062349832,0,0,27.0719066167824,0.859788383223161,5160
"151","MDS1","MD","shallow","MDS",6,4,52.25,5.889609495,1210.48663575072,3.29,14.82,7.96891666666667,2.24848064529089,21.47,28.44,25.6859166666667,0.984100106788396,0,495,27.8330333330707,0.751861444118634,3045
"152","MDS1","MD","shallow","MDS",7,4,54.75,9.653367288,1544.17052406082,2.59,16.01,7.56304829166667,2.53923551153313,21.22,27.27,25.0523958333333,1.66384617167795,0,405,27.5983198126844,0.99342915721976,4080
"153","MDS1","MD","shallow","MDS",8,3,54.33333333,5.792715732,1038.98493439218,3.58,12.7,7.14536458333333,1.66230229210156,23.83,27.65,26.14046875,0.829694520460759,0,1215,27.1675971843342,0.712842914558083,2580
"154","MDS1","MD","shallow","MDS",9,3,62,5.715476066,1640.41203920083,5.7,10.50545,8.02785398511905,0.898922436343287,23.34,26.98,25.898005952381,0.510590564206408,0,0,26.1965732925595,0.428800036072565,4905
"155","MDS1","MD","shallow","MDS",10,1,65,0,623.719707602263,1.8,10.44,6.66650462962963,1.65886118917105,23.93,29.59,27.4174768518519,0.986321689181805,30,8910,26.5951963543635,0.727622235215265,4035
"156","MDS1","MD","shallow","MDS",11,0,0,0,0,4.01,9.48,6.57388888888889,1.13371002143335,26.73,29.01,27.8179513888889,0.508965923434542,0,4095,25.8963818663194,0.228931889453299,585
"157","MDS2","MD","shallow","MDS",0,10,38.1,3.207802986,955.495018246566,NA,NA,NA,NA,NA,NA,NA,NA,NA,NA,NA,NA,NA
"158","MDS2","MD","shallow","MDS",1,7,32.85714286,1.884415137,387.668717628054,NA,NA,NA,NA,NA,NA,NA,NA,NA,NA,NA,NA,NA
"159","MDS2","MD","shallow","MDS",2,5,39.8,3.059411708,555.845684454667,4.06,20.29,8.57373036658933,2.11242778429586,15.43,22.99,20.3986310904872,1.62421112261691,0,0,29.929722025089,0.812290877790666,5430
"160","MDS2","MD","shallow","MDS",3,5,43.8,4.53431362,797.720672224933,5.270132,11.40869,8.05802484895833,1.17997499349626,21.37,24.85,23.0329166666667,0.580254930562032,0,0,28.9872599820619,0.674064067925044,3930
"161","MDS2","MD","shallow","MDS",4,5,47.6,5.885575588,1097.17471203069,5.18,16.68,8.25638260869565,2.09043052591306,19.43,26.55,23.0882260869565,1.32860094514633,0,0,28.3956387197198,0.884440612146634,3270
"162","MDS2","MD","shallow","MDS",5,4,46.5,3.201562119,770.737374137283,3.97,13.6,8.07521990740741,1.675158129966,20.86,26.23,24.0767939814815,0.901480062349832,0,0,27.0719066167824,0.859788383223161,5160
"163","MDS2","MD","shallow","MDS",6,4,48.75,4.815340071,935.284753813359,3.29,14.82,7.96891666666667,2.24848064529089,21.47,28.44,25.6859166666667,0.984100106788396,0,495,27.8330333330707,0.751861444118634,3045
"164","MDS2","MD","shallow","MDS",7,3,51,6.976149845,855.608748328949,2.59,16.01,7.56304829166667,2.53923551153313,21.22,27.27,25.0523958333333,1.66384617167795,0,405,27.5983198126844,0.99342915721976,4080
"165","MDS2","MD","shallow","MDS",8,3,56.66666667,4.784233365,1182.84553935515,3.58,12.7,7.14536458333333,1.66230229210156,23.83,27.65,26.14046875,0.829694520460759,0,1215,27.1675971843342,0.712842914558083,2580
"166","MDS2","MD","shallow","MDS",9,3,56.66666667,4.988876516,1186.4324405191,5.7,10.50545,8.02785398511905,0.898922436343287,23.34,26.98,25.898005952381,0.510590564206408,0,0,26.1965732925595,0.428800036072565,4905
"167","MDS2","MD","shallow","MDS",10,0,0,0,0,1.8,10.44,6.66650462962963,1.65886118917105,23.93,29.59,27.4174768518519,0.986321689181805,30,8910,26.5951963543635,0.727622235215265,4035
"168","MDS2","MD","shallow","MDS",11,0,0,0,0,4.01,9.48,6.57388888888889,1.13371002143335,26.73,29.01,27.8179513888889,0.508965923434542,0,4095,25.8963818663194,0.228931889453299,585
"169","MDS3","MD","shallow","MDS",0,10,38.8,4.5563143,1051.57791432078,NA,NA,NA,NA,NA,NA,NA,NA,NA,NA,NA,NA,NA
"170","MDS3","MD","shallow","MDS",1,8,36,4.472135955,646.68991988177,NA,NA,NA,NA,NA,NA,NA,NA,NA,NA,NA,NA,NA
"171","MDS3","MD","shallow","MDS",2,7,41.85714286,3.602720061,937.157788581081,4.06,20.29,8.57373036658933,2.11242778429586,15.43,22.99,20.3986310904872,1.62421112261691,0,0,29.929722025089,0.812290877790666,5430
"172","MDS3","MD","shallow","MDS",3,7,45.57142857,5.150787536,1300.47566715412,5.270132,11.40869,8.05802484895833,1.17997499349626,21.37,24.85,23.0329166666667,0.580254930562032,0,0,28.9872599820619,0.674064067925044,3930
"173","MDS3","MD","shallow","MDS",4,6,49,3.785938897,1402.48683790343,5.18,16.68,8.25638260869565,2.09043052591306,19.43,26.55,23.0882260869565,1.32860094514633,0,0,28.3956387197198,0.884440612146634,3270
"174","MDS3","MD","shallow","MDS",5,4,53.5,8.015609771,1363.57889018299,3.97,13.6,8.07521990740741,1.675158129966,20.86,26.23,24.0767939814815,0.901480062349832,0,0,27.0719066167824,0.859788383223161,5160
"175","MDS3","MD","shallow","MDS",6,4,47.75,4.60298816,864.888919827585,3.29,14.82,7.96891666666667,2.24848064529089,21.47,28.44,25.6859166666667,0.984100106788396,0,495,27.8330333330707,0.751861444118634,3045
"176","MDS3","MD","shallow","MDS",7,3,54.33333333,6.599663291,1054.6695992573,2.59,16.01,7.56304829166667,2.53923551153313,21.22,27.27,25.0523958333333,1.66384617167795,0,405,27.5983198126844,0.99342915721976,4080
"177","MDS3","MD","shallow","MDS",8,3,54.33333333,3.091206165,1000.85665399873,3.58,12.7,7.14536458333333,1.66230229210156,23.83,27.65,26.14046875,0.829694520460759,0,1215,27.1675971843342,0.712842914558083,2580
"178","MDS3","MD","shallow","MDS",9,3,60,7.257180352,1503.80572564497,5.7,10.50545,8.02785398511905,0.898922436343287,23.34,26.98,25.898005952381,0.510590564206408,0,0,26.1965732925595,0.428800036072565,4905
"179","MDS3","MD","shallow","MDS",10,1,65,0,623.719707602263,1.8,10.44,6.66650462962963,1.65886118917105,23.93,29.59,27.4174768518519,0.986321689181805,30,8910,26.5951963543635,0.727622235215265,4035
"180","MDS3","MD","shallow","MDS",11,0,0,0,0,4.01,9.48,6.57388888888889,1.13371002143335,26.73,29.01,27.8179513888889,0.508965923434542,0,4095,25.8963818663194,0.228931889453299,585
"181","MDS4","MD","shallow","MDS",0,9,34.77777778,5.845753972,690.391140255364,NA,NA,NA,NA,NA,NA,NA,NA,NA,NA,NA,NA,NA
"182","MDS4","MD","shallow","MDS",1,7,35.57142857,3.886134431,536.779481520966,NA,NA,NA,NA,NA,NA,NA,NA,NA,NA,NA,NA,NA
"183","MDS4","MD","shallow","MDS",2,6,37.66666667,4.496912521,568.498476201849,4.06,20.29,8.57373036658933,2.11242778429586,15.43,22.99,20.3986310904872,1.62421112261691,0,0,29.929722025089,0.812290877790666,5430
"184","MDS4","MD","shallow","MDS",3,4,42.25,4.20565096,559.549663958492,5.270132,11.40869,8.05802484895833,1.17997499349626,21.37,24.85,23.0329166666667,0.580254930562032,0,0,28.9872599820619,0.674064067925044,3930
"185","MDS4","MD","shallow","MDS",4,3,44.66666667,5.249338583,522.357586666539,5.18,16.68,8.25638260869565,2.09043052591306,19.43,26.55,23.0882260869565,1.32860094514633,0,0,28.3956387197198,0.884440612146634,3270
"186","MDS4","MD","shallow","MDS",5,3,48.66666667,3.399346342,680.285093843289,3.97,13.6,8.07521990740741,1.675158129966,20.86,26.23,24.0767939814815,0.901480062349832,0,0,27.0719066167824,0.859788383223161,5160
"187","MDS4","MD","shallow","MDS",6,3,46.66666667,4.988876516,602.471498045935,3.29,14.82,7.96891666666667,2.24848064529089,21.47,28.44,25.6859166666667,0.984100106788396,0,495,27.8330333330707,0.751861444118634,3045
"188","MDS4","MD","shallow","MDS",7,2,50,4,503.111048578824,2.59,16.01,7.56304829166667,2.53923551153313,21.22,27.27,25.0523958333333,1.66384617167795,0,405,27.5983198126844,0.99342915721976,4080
"189","MDS4","MD","shallow","MDS",8,0,0,0,0,3.58,12.7,7.14536458333333,1.66230229210156,23.83,27.65,26.14046875,0.829694520460759,0,1215,27.1675971843342,0.712842914558083,2580
"190","MDS4","MD","shallow","MDS",9,0,0,0,0,5.7,10.50545,8.02785398511905,0.898922436343287,23.34,26.98,25.898005952381,0.510590564206408,0,0,26.1965732925595,0.428800036072565,4905
"191","MDS4","MD","shallow","MDS",10,0,0,0,0,1.8,10.44,6.66650462962963,1.65886118917105,23.93,29.59,27.4174768518519,0.986321689181805,30,8910,26.5951963543635,0.727622235215265,4035
"192","MDS4","MD","shallow","MDS",11,0,0,0,0,4.01,9.48,6.57388888888889,1.13371002143335,26.73,29.01,27.8179513888889,0.508965923434542,0,4095,25.8963818663194,0.228931889453299,585
"193","RSD1","RS","deep","RSD",0,10,41.5,5.608029957,1369.58817208406,NA,NA,NA,NA,NA,NA,NA,NA,NA,NA,NA,NA,NA
"194","RSD1","RS","deep","RSD",1,10,44.5,5.296225071,1722.2975610748,NA,NA,NA,NA,NA,NA,NA,NA,NA,NA,NA,NA,NA
"195","RSD1","RS","deep","RSD",2,10,48.1,3.961060464,2195.54832975533,4.07,23.8,10.2036890951276,3.43496675317888,14.68,23.81,18.4577726218097,2.32177475356916,0,0,28.2310879316629,1.14054508765863,6900
"196","RSD1","RS","deep","RSD",3,10,49.1,4.109744518,2365.27561722738,0.36,18.35,8.60026041666667,3.45212308272005,16.65,27.05,19.72140625,1.95201760405278,135,15,26.9312768878906,0.541931157256623,4665
"197","RSD1","RS","deep","RSD",4,10,52.6,3.583294573,2990.82253617455,0.01,14.9,5.89098591549296,3.28570755827895,16.86,24.73,20.3245246478873,2.08915359334943,1110,0,26.7681301272887,0.565636378650938,1635
"198","RSD1","RS","deep","RSD",5,10,54.3,4.313930922,3377.72352361249,0.58,19.48,8.37671296296296,2.77371850188718,17.35,26.26,20.9441550925926,2.47597395498107,165,0,26.613785494175,0.659300232245265,5145
"199","RSD1","RS","deep","RSD",6,10,53.4,4.630334761,3198.05424631786,1.24,23.5,7.2499375,4.04612170246505,19.63,28.06,23.5821458333333,2.58855215808745,135,660,26.203818952071,0.64661937225968,2250
"200","RSD1","RS","deep","RSD",7,10,56.1,5.752390807,3870.61794261651,3,17.44,8.24268229166667,2.75540608233901,16.78,27.49,23.0221614583333,2.46463815094563,0,60,26.0985732860677,0.613378077025335,5115
"201","RSD1","RS","deep","RSD",8,10,64.7,4.267317659,6258.16893913366,1.97,12.06,7.15553819444444,2.21718561642211,19.11,25.52,21.8771006944444,0.949025915401611,15,0,26.3317064920139,0.250832353058902,2670
"202","RSD1","RS","deep","RSD",9,10,66.7,5.640035461,7066.12958675273,2.62,16.54,8.69553571428571,2.89347876866474,19.08,26.75,23.8314732142857,1.36490897679286,0,0,25.6870399820414,0.311689784160189,5295
"203","RSD1","RS","deep","RSD",10,10,69.5,6.152235366,8201.67082498604,1.2,12.18,6.27505787037037,1.87201504296753,19.48,29.02,25.0048148148148,2.64085320370796,15,3780,25.3467545899042,0.432192264057493,2010
"204","RSD1","RS","deep","RSD",11,0,0,0,0,2.67,10.77,6.53180555555556,2.0387494126632,20.95,26.25,23.7680902777778,1.69625520076056,0,0,24.7712049733641,0.279070709941103,840
"205","RSD2","RS","deep","RSD",0,10,38.8,2.481934729,1006.62760995249,NA,NA,NA,NA,NA,NA,NA,NA,NA,NA,NA,NA,NA
"206","RSD2","RS","deep","RSD",1,6,40.5,1.979057015,698.503695140106,NA,NA,NA,NA,NA,NA,NA,NA,NA,NA,NA,NA,NA
"207","RSD2","RS","deep","RSD",2,5,47.2,2.481934729,1007.19816178789,4.07,23.8,10.2036890951276,3.43496675317888,14.68,23.81,18.4577726218097,2.32177475356916,0,0,28.2310879316629,1.14054508765863,6900
"208","RSD2","RS","deep","RSD",3,4,53,2.738612788,1218.22867273853,0.36,18.35,8.60026041666667,3.45212308272005,16.65,27.05,19.72140625,1.95201760405278,135,15,26.9312768878906,0.541931157256623,4665
"209","RSD2","RS","deep","RSD",4,4,57.25,5.309190145,1649.01253586397,0.01,14.9,5.89098591549296,3.28570755827895,16.86,24.73,20.3245246478873,2.08915359334943,1110,0,26.7681301272887,0.565636378650938,1635
"210","RSD2","RS","deep","RSD",5,4,55.75,5.214163404,1498.67270857322,0.58,19.48,8.37671296296296,2.77371850188718,17.35,26.26,20.9441550925926,2.47597395498107,165,0,26.613785494175,0.659300232245265,5145
"211","RSD2","RS","deep","RSD",6,4,55.25,6.609652033,1484.91660715092,1.24,23.5,7.2499375,4.04612170246505,19.63,28.06,23.5821458333333,2.58855215808745,135,660,26.203818952071,0.64661937225968,2250
"212","RSD2","RS","deep","RSD",7,4,59.5,3.354101966,1845.3013044951,3,17.44,8.24268229166667,2.75540608233901,16.78,27.49,23.0221614583333,2.46463815094563,0,60,26.0985732860677,0.613378077025335,5115
"213","RSD2","RS","deep","RSD",8,4,69.25,5.539629952,3218.80808802342,1.97,12.06,7.15553819444444,2.21718561642211,19.11,25.52,21.8771006944444,0.949025915401611,15,0,26.3317064920139,0.250832353058902,2670
"214","RSD2","RS","deep","RSD",9,4,68.75,5.018714975,3121.6375035318,2.62,16.54,8.69553571428571,2.89347876866474,19.08,26.75,23.8314732142857,1.36490897679286,0,0,25.6870399820414,0.311689784160189,5295
"215","RSD2","RS","deep","RSD",10,3,72,4.966554809,2753.67140392525,1.2,12.18,6.27505787037037,1.87201504296753,19.48,29.02,25.0048148148148,2.64085320370796,15,3780,25.3467545899042,0.432192264057493,2010
"216","RSD2","RS","deep","RSD",11,0,0,0,0,2.67,10.77,6.53180555555556,2.0387494126632,20.95,26.25,23.7680902777778,1.69625520076056,0,0,24.7712049733641,0.279070709941103,840
"217","RSD3","RS","deep","RSD",0,10,40.2,3.515679166,1161.74586185282,NA,NA,NA,NA,NA,NA,NA,NA,NA,NA,NA,NA,NA
"218","RSD3","RS","deep","RSD",1,10,40,6.693280212,1224.17450378411,NA,NA,NA,NA,NA,NA,NA,NA,NA,NA,NA,NA,NA
"219","RSD3","RS","deep","RSD",2,10,44.4,6.93108938,1779.649552472,4.07,23.8,10.2036890951276,3.43496675317888,14.68,23.81,18.4577726218097,2.32177475356916,0,0,28.2310879316629,1.14054508765863,6900
"220","RSD3","RS","deep","RSD",3,6,46.33333333,7.249521057,1245.51895313476,0.36,18.35,8.60026041666667,3.45212308272005,16.65,27.05,19.72140625,1.95201760405278,135,15,26.9312768878906,0.541931157256623,4665
"221","RSD3","RS","deep","RSD",4,6,49.66666667,2.98142397,1455.52263363939,0.01,14.9,5.89098591549296,3.28570755827895,16.86,24.73,20.3245246478873,2.08915359334943,1110,0,26.7681301272887,0.565636378650938,1635
"222","RSD3","RS","deep","RSD",5,6,54.16666667,5.335936865,2041.07003526539,0.58,19.48,8.37671296296296,2.77371850188718,17.35,26.26,20.9441550925926,2.47597395498107,165,0,26.613785494175,0.659300232245265,5145
"223","RSD3","RS","deep","RSD",6,5,51.8,7.520638271,1519.9227752068,1.24,23.5,7.2499375,4.04612170246505,19.63,28.06,23.5821458333333,2.58855215808745,135,660,26.203818952071,0.64661937225968,2250
"224","RSD3","RS","deep","RSD",7,4,54.75,7.885905148,1485.3328455065,3,17.44,8.24268229166667,2.75540608233901,16.78,27.49,23.0221614583333,2.46463815094563,0,60,26.0985732860677,0.613378077025335,5115
"225","RSD3","RS","deep","RSD",8,4,66.25,8.699856321,2885.90032913091,1.97,12.06,7.15553819444444,2.21718561642211,19.11,25.52,21.8771006944444,0.949025915401611,15,0,26.3317064920139,0.250832353058902,2670
"226","RSD3","RS","deep","RSD",9,4,70.5,9.552486587,3624.59159421819,2.62,16.54,8.69553571428571,2.89347876866474,19.08,26.75,23.8314732142857,1.36490897679286,0,0,25.6870399820414,0.311689784160189,5295
"227","RSD3","RS","deep","RSD",10,3,70,10.61445555,2696.20985086089,1.2,12.18,6.27505787037037,1.87201504296753,19.48,29.02,25.0048148148148,2.64085320370796,15,3780,25.3467545899042,0.432192264057493,2010
"228","RSD3","RS","deep","RSD",11,0,0,0,0,2.67,10.77,6.53180555555556,2.0387494126632,20.95,26.25,23.7680902777778,1.69625520076056,0,0,24.7712049733641,0.279070709941103,840
"229","RSD4","RS","deep","RSD",0,10,40.1,4.369210455,1169.8903292035,NA,NA,NA,NA,NA,NA,NA,NA,NA,NA,NA,NA,NA
"230","RSD4","RS","deep","RSD",1,9,44.88888889,4.148478823,1557.24359646353,NA,NA,NA,NA,NA,NA,NA,NA,NA,NA,NA,NA,NA
"231","RSD4","RS","deep","RSD",2,6,46,5.322906474,1153.0282521296,4.07,23.8,10.2036890951276,3.43496675317888,14.68,23.81,18.4577726218097,2.32177475356916,0,0,28.2310879316629,1.14054508765863,6900
"232","RSD4","RS","deep","RSD",3,6,44.5,9.305016568,1158.98202059249,0.36,18.35,8.60026041666667,3.45212308272005,16.65,27.05,19.72140625,1.95201760405278,135,15,26.9312768878906,0.541931157256623,4665
"233","RSD4","RS","deep","RSD",4,6,50,5.385164807,1546.79600845252,0.01,14.9,5.89098591549296,3.28570755827895,16.86,24.73,20.3245246478873,2.08915359334943,1110,0,26.7681301272887,0.565636378650938,1635
"234","RSD4","RS","deep","RSD",5,5,55,5.727128425,1802.08471895507,0.58,19.48,8.37671296296296,2.77371850188718,17.35,26.26,20.9441550925926,2.47597395498107,165,0,26.613785494175,0.659300232245265,5145
"235","RSD4","RS","deep","RSD",6,5,57.2,4.955804677,2046.26387373834,1.24,23.5,7.2499375,4.04612170246505,19.63,28.06,23.5821458333333,2.58855215808745,135,660,26.203818952071,0.64661937225968,2250
"236","RSD4","RS","deep","RSD",7,5,60.6,2.939387691,2454.15436890224,3,17.44,8.24268229166667,2.75540608233901,16.78,27.49,23.0221614583333,2.46463815094563,0,60,26.0985732860677,0.613378077025335,5115
"237","RSD4","RS","deep","RSD",8,4,65.5,5.315072906,2644.0697491983,1.97,12.06,7.15553819444444,2.21718561642211,19.11,25.52,21.8771006944444,0.949025915401611,15,0,26.3317064920139,0.250832353058902,2670
"238","RSD4","RS","deep","RSD",9,3,69,5.715476066,2386.98848701964,2.62,16.54,8.69553571428571,2.89347876866474,19.08,26.75,23.8314732142857,1.36490897679286,0,0,25.6870399820414,0.311689784160189,5295
"239","RSD4","RS","deep","RSD",10,2,77.5,8.5,2467.20354078412,1.2,12.18,6.27505787037037,1.87201504296753,19.48,29.02,25.0048148148148,2.64085320370796,15,3780,25.3467545899042,0.432192264057493,2010
"240","RSD4","RS","deep","RSD",11,0,0,0,0,2.67,10.77,6.53180555555556,2.0387494126632,20.95,26.25,23.7680902777778,1.69625520076056,0,0,24.7712049733641,0.279070709941103,840
"241","RSS1","RS","shallow","RSS",0,10,40.1,3.726929031,1158.99274337309,NA,NA,NA,NA,NA,NA,NA,NA,NA,NA,NA,NA,NA
"242","RSS1","RS","shallow","RSS",1,7,42.42857143,4.894811914,1014.16657384387,NA,NA,NA,NA,NA,NA,NA,NA,NA,NA,NA,NA,NA
"243","RSS1","RS","shallow","RSS",2,7,46.14285714,7.586238884,1468.41435108427,2.61,12.61,8.43122969837587,1.67056198564263,16.26,25.52,20.6577726218097,2.05355806445329,0,0,30.663585129048,0.522609941366243,6480
"244","RSS1","RS","shallow","RSS",3,7,49.28571429,6.496466858,1764.01485672429,2.54,16.31,8.36976133333333,2.64761686081489,17.74,27.663675,22.3625107421875,1.77422997877619,0,15,30.0584524951577,0.511631927161248,5220
"245","RSS1","RS","shallow","RSS",4,7,52.71428571,6.226998491,2207.65099179771,2.5708,11.57636,6.09141505391304,2.01532592656411,20.75995,26.091875,23.1351000434783,1.42889875007466,0,0,29.9362112717382,0.213289093019693,1260
"246","RSS1","RS","shallow","RSS",5,7,57.57142857,7.047940791,3027.83897931923,2.921352,14.344512,7.62758998611111,1.6445393140134,21.091925,27.84,23.5582521990741,1.72624736263622,0,180,29.8814187287726,0.247580423212742,4380
"247","RSS1","RS","shallow","RSS",6,5,54.4,2.870540019,1672.16447907948,0.53,16.75,7.55425,3.10969597222397,20.78,29.26,26.6538333333333,1.59558115450091,90,3525,29.7274680928817,0.242818506670955,3270
"248","RSS1","RS","shallow","RSS",7,5,57.4,5.238320341,2077.08951360734,1.01,15.35,7.341640625,2.72794809793898,18.18,29.28,25.3677727539063,1.54100554275781,105,1485,29.6879462403841,0.230335735484554,4860
"249","RSS1","RS","shallow","RSS",8,4,58,4.527692569,1706.19937300107,0.84,17.09,6.98131944444444,3.2393293447664,21.54,28.58,23.9702045138889,1.52676468204658,150,765,29.7754924218811,0.0941925652206787,2715
"250","RSS1","RS","shallow","RSS",9,3,59,5.354126135,1374.77545352795,0.3,15.74,7.78745535714286,2.67434105388967,22.18,28.24,25.1771837053571,1.1432171703336,180,765,29.5334072540562,0.117045747747834,4755
"251","RSS1","RS","shallow","RSS",10,1,56,0,366.292119346194,0.68,14.34,6.01185787037037,2.29255216090531,21.58,30.16,27.089118287037,1.54595260652566,555,7725,29.4056232836008,0.16229683899887,3285
"252","RSS1","RS","shallow","RSS",11,0,0,0,0,4.184548,9.080188,6.51862327777778,1.23222014501364,23.530925,27.121675,25.4401811631944,1.14921289851528,0,150,29.1894928915977,0.104796632997083,630
"253","RSS2","RS","shallow","RSS",0,10,43.8,3.994996871,1585.30432108973,NA,NA,NA,NA,NA,NA,NA,NA,NA,NA,NA,NA,NA
"254","RSS2","RS","shallow","RSS",1,10,45.6,3.611094017,1810.22546308109,NA,NA,NA,NA,NA,NA,NA,NA,NA,NA,NA,NA,NA
"255","RSS2","RS","shallow","RSS",2,8,49.125,5.861687044,1955.99254401852,2.61,12.61,8.43122969837587,1.67056198564263,16.26,25.52,20.6577726218097,2.05355806445329,0,0,30.663585129048,0.522609941366243,6480
"256","RSS2","RS","shallow","RSS",3,8,53.25,5.309190145,2556.98489511958,2.54,16.31,8.36976133333333,2.64761686081489,17.74,27.663675,22.3625107421875,1.77422997877619,0,15,30.0584524951577,0.511631927161248,5220
"257","RSS2","RS","shallow","RSS",4,8,56.125,6.392133838,3123.51641250316,2.5708,11.57636,6.09141505391304,2.01532592656411,20.75995,26.091875,23.1351000434783,1.42889875007466,0,0,29.9362112717382,0.213289093019693,1260
"258","RSS2","RS","shallow","RSS",5,8,61.5,6.763874629,4316.66258033978,2.921352,14.344512,7.62758998611111,1.6445393140134,21.091925,27.84,23.5582521990741,1.72624736263622,0,180,29.8814187287726,0.247580423212742,4380
"259","RSS2","RS","shallow","RSS",6,7,64.14285714,5.11101252,4282.00270609014,0.53,16.75,7.55425,3.10969597222397,20.78,29.26,26.6538333333333,1.59558115450091,90,3525,29.7274680928817,0.242818506670955,3270
"260","RSS2","RS","shallow","RSS",7,7,65.14285714,5.591538797,4550.34830548554,1.01,15.35,7.341640625,2.72794809793898,18.18,29.28,25.3677727539063,1.54100554275781,105,1485,29.6879462403841,0.230335735484554,4860
"261","RSS2","RS","shallow","RSS",8,7,67,6.969320524,5103.19963123324,0.84,17.09,6.98131944444444,3.2393293447664,21.54,28.58,23.9702045138889,1.52676468204658,150,765,29.7754924218811,0.0941925652206787,2715
"262","RSS2","RS","shallow","RSS",9,4,71.25,7.01338007,3615.95128017534,0.3,15.74,7.78745535714286,2.67434105388967,22.18,28.24,25.1771837053571,1.1432171703336,180,765,29.5334072540562,0.117045747747834,4755
"263","RSS2","RS","shallow","RSS",10,1,65,0,623.719707602263,0.68,14.34,6.01185787037037,2.29255216090531,21.58,30.16,27.089118287037,1.54595260652566,555,7725,29.4056232836008,0.16229683899887,3285
"264","RSS2","RS","shallow","RSS",11,0,0,0,0,4.184548,9.080188,6.51862327777778,1.23222014501364,23.530925,27.121675,25.4401811631944,1.14921289851528,0,150,29.1894928915977,0.104796632997083,630
"265","RSS3","RS","shallow","RSS",0,10,40.6,3.527038418,1202.24452394318,NA,NA,NA,NA,NA,NA,NA,NA,NA,NA,NA,NA,NA
"266","RSS3","RS","shallow","RSS",1,7,39.28571429,4.333071682,762.573866542297,NA,NA,NA,NA,NA,NA,NA,NA,NA,NA,NA,NA,NA
"267","RSS3","RS","shallow","RSS",2,6,45.16666667,7.47031161,1143.68203642746,2.61,12.61,8.43122969837587,1.67056198564263,16.26,25.52,20.6577726218097,2.05355806445329,0,0,30.663585129048,0.522609941366243,6480
"268","RSS3","RS","shallow","RSS",3,6,50.83333333,9.06305075,1790.72310163053,2.54,16.31,8.36976133333333,2.64761686081489,17.74,27.663675,22.3625107421875,1.77422997877619,0,15,30.0584524951577,0.511631927161248,5220
"269","RSS3","RS","shallow","RSS",4,5,53,10.19803903,1762.01696807589,2.5708,11.57636,6.09141505391304,2.01532592656411,20.75995,26.091875,23.1351000434783,1.42889875007466,0,0,29.9362112717382,0.213289093019693,1260
"270","RSS3","RS","shallow","RSS",5,5,58,7.26636085,2233.39229284592,2.921352,14.344512,7.62758998611111,1.6445393140134,21.091925,27.84,23.5582521990741,1.72624736263622,0,180,29.8814187287726,0.247580423212742,4380
"271","RSS3","RS","shallow","RSS",6,4,59.75,5.261891295,1912.97614022346,0.53,16.75,7.55425,3.10969597222397,20.78,29.26,26.6538333333333,1.59558115450091,90,3525,29.7274680928817,0.242818506670955,3270
"272","RSS3","RS","shallow","RSS",7,4,56.5,9.937303457,1710.87438231315,1.01,15.35,7.341640625,2.72794809793898,18.18,29.28,25.3677727539063,1.54100554275781,105,1485,29.6879462403841,0.230335735484554,4860
"273","RSS3","RS","shallow","RSS",8,4,61.5,2.291287847,2060.55957730751,0.84,17.09,6.98131944444444,3.2393293447664,21.54,28.58,23.9702045138889,1.52676468204658,150,765,29.7754924218811,0.0941925652206787,2715
"274","RSS3","RS","shallow","RSS",9,3,61,4.320493799,1526.54671786745,0.3,15.74,7.78745535714286,2.67434105388967,22.18,28.24,25.1771837053571,1.1432171703336,180,765,29.5334072540562,0.117045747747834,4755
"275","RSS3","RS","shallow","RSS",10,1,56,0,366.292119346194,0.68,14.34,6.01185787037037,2.29255216090531,21.58,30.16,27.089118287037,1.54595260652566,555,7725,29.4056232836008,0.16229683899887,3285
"276","RSS3","RS","shallow","RSS",11,0,0,0,0,4.184548,9.080188,6.51862327777778,1.23222014501364,23.530925,27.121675,25.4401811631944,1.14921289851528,0,150,29.1894928915977,0.104796632997083,630
"277","RSS4","RS","shallow","RSS",0,9,41.66666667,3.431876714,1182.42159743422,NA,NA,NA,NA,NA,NA,NA,NA,NA,NA,NA,NA,NA
"278","RSS4","RS","shallow","RSS",1,8,38.875,3.585997072,826.677068508126,NA,NA,NA,NA,NA,NA,NA,NA,NA,NA,NA,NA,NA
"279","RSS4","RS","shallow","RSS",2,6,46.66666667,6.724747001,1248.43117194698,2.61,12.61,8.43122969837587,1.67056198564263,16.26,25.52,20.6577726218097,2.05355806445329,0,0,30.663585129048,0.522609941366243,6480
"280","RSS4","RS","shallow","RSS",3,6,52.5,7.889866919,1920.06592299105,2.54,16.31,8.36976133333333,2.64761686081489,17.74,27.663675,22.3625107421875,1.77422997877619,0,15,30.0584524951577,0.511631927161248,5220
"281","RSS4","RS","shallow","RSS",4,6,57.66666667,7.824463063,2641.20975834023,2.5708,11.57636,6.09141505391304,2.01532592656411,20.75995,26.091875,23.1351000434783,1.42889875007466,0,0,29.9362112717382,0.213289093019693,1260
"282","RSS4","RS","shallow","RSS",5,6,65.16666667,4.524623987,3863.20587448112,2.921352,14.344512,7.62758998611111,1.6445393140134,21.091925,27.84,23.5582521990741,1.72624736263622,0,180,29.8814187287726,0.247580423212742,4380
"283","RSS4","RS","shallow","RSS",6,4,62.5,5.408326913,2243.43115130728,0.53,16.75,7.55425,3.10969597222397,20.78,29.26,26.6538333333333,1.59558115450091,90,3525,29.7274680928817,0.242818506670955,3270
"284","RSS4","RS","shallow","RSS",7,4,64.25,7.462405778,2543.03491468808,1.01,15.35,7.341640625,2.72794809793898,18.18,29.28,25.3677727539063,1.54100554275781,105,1485,29.6879462403841,0.230335735484554,4860
"285","RSS4","RS","shallow","RSS",8,4,68.5,8.291561976,3201.83651069477,0.84,17.09,6.98131944444444,3.2393293447664,21.54,28.58,23.9702045138889,1.52676468204658,150,765,29.7754924218811,0.0941925652206787,2715
"286","RSS4","RS","shallow","RSS",9,3,72.33333333,3.771236166,2774.59879047141,0.3,15.74,7.78745535714286,2.67434105388967,22.18,28.24,25.1771837053571,1.1432171703336,180,765,29.5334072540562,0.117045747747834,4755
"287","RSS4","RS","shallow","RSS",10,1,66,0,658.673370255608,0.68,14.34,6.01185787037037,2.29255216090531,21.58,30.16,27.089118287037,1.54595260652566,555,7725,29.4056232836008,0.16229683899887,3285
"288","RSS4","RS","shallow","RSS",11,0,0,0,0,4.184548,9.080188,6.51862327777778,1.23222014501364,23.530925,27.121675,25.4401811631944,1.14921289851528,0,150,29.1894928915977,0.104796632997083,630
